YEAR,PFSI
2021,0.5396825396825397
2022,0.5238095238095238
2023,0.5714285714285715
2024,0.5132275132275131
2025,0.6243386243386243
