YEAR,PFSI
2021,0.42857142857142855
2022,0.328042328042328
2023,0.4338624338624338
2024,0.36507936507936506
2025,0.2751322751322751
