YEAR,PFSI
2021,0.3469387755102041
2022,0.4338624338624338
2023,0.37566137566137564
2024,0.3892668178382464
2025,0.38095238095238093
