YEAR,PFSI
2021,0.7830687830687831
2022,0.8306878306878307
2023,0.7777777777777777
2024,0.8518518518518517
2025,0.798941798941799
