YEAR,PFSI
2021,0.2222222222222222
2022,0.2328042328042328
2023,0.19047619047619047
2024,0.3544973544973544
2025,0.2751322751322751
